sex,age_group,sample_count,mean,std,p05,p25,p50,p75,p95
female,18-19,100000,47.97147086,18.77315403,16.58699284,34.06546632,48.38186154,61.84016961,78.47663876
female,20-29,500000,45.58588923,19.12896932,14.34559629,31.07521992,45.60077562,59.92188918,76.9172677
female,30-39,100000,34.53848512,17.92015497,8.32322123,20.43907295,32.84645756,46.8893159,66.49299186
female,40-49,100000,23.81942081,14.59728219,4.37712152,12.38919115,21.66113865,32.70408768,51.77595819
female,50-59,100000,18.8109031,12.45068702,2.9433304,9.02768372,16.44945497,26.50731812,41.90849555
female,60-69,100000,17.37498862,11.76149107,2.53303027,8.08254089,15.0064416,24.9045479,39.08171378
female,70-79,100000,17.0256209,11.61954507,2.47441263,7.77397507,14.6983874,24.56335285,38.5785426
female,overall,1100000,35.22457596,21.09207396,5.39690472,17.63910532,32.67912272,51.1078459,72.50255758
male,18-19,100000,64.19760916,17.64917435,32.68751203,51.61203626,66.109353,78.20139179,89.7619728
male,20-29,500000,59.79016429,18.7561056,27.91953433,45.63460892,61.19641907,74.8086272,87.80743727
male,30-39,100000,51.24846494,19.87912409,19.76843192,35.60863969,50.71095855,66.92583537,83.681929
male,40-49,100000,47.7163013,19.90932639,16.55802699,32.23652891,46.64640461,62.83570567,81.40528258
male,50-59,100000,47.06805649,19.64906094,16.27605019,31.91164491,46.03234668,61.85287235,80.54183754
male,60-69,100000,47.4133948,19.11750148,16.9641217,32.8442128,46.74649789,61.60402643,79.69209586
male,70-79,100000,47.94274285,18.55778396,17.91465791,34.08895746,47.57929254,61.47298444,79.15285168
male,overall,1100000,54.95794463,19.98789609,21.83982805,39.51725343,55.54836119,70.85653841,86.08280242
